IdCuenta;IdBalanceNv5
200;BAAAA
2800;BAAAA
2900;BAAAA
201;BAAAA
2801;BAAAA
2901;BAAAA
202;BAAAB
2802;BAAAB
2902;BAAAB
203;BAAAC
2803;BAAAC
2903;BAAAC
204;BAAAD
206;BAAAE
2806;BAAAE
2906;BAAAE
205;BAAAF
209;BAAAF
2805;BAAAF
2905;BAAAF
210;BAABA
211;BAABA
2810;BAABA
2811;BAABA
2910;BAABA
2911;BAABA
212;BAABB
213;BAABB
214;BAABB
215;BAABB
216;BAABB
217;BAABB
218;BAABB
219;BAABB
2812;BAABB
2813;BAABB
2814;BAABB
2815;BAABB
2816;BAABB
2817;BAABB
2818;BAABB
2819;BAABB
2912;BAABB
2913;BAABB
2914;BAABB
2915;BAABB
2916;BAABB
2917;BAABB
2918;BAABB
2919;BAABB
23;BAABC
220;BAACA
2920;BAACA
221;BAACB
282;BAACB
2921;BAACB
2403;BAADA
2404;BAADA
2493;BAADA
2494;BAADA
293;BAADA
2423;BAADB
2424;BAADB
2953;BAADB
2954;BAADB
2413;BAADC
2414;BAADC
2943;BAADC
2944;BAADC
2405;BAAEA
2495;BAAEA
250;BAAEA
259;BAAEA
2425;BAAEB
252;BAAEB
253;BAAEB
254;BAAEB
2955;BAAEA
298;BAAEB
2415;BAAEC
251;BAAEC
2945;BAAEC
297;BAAEC
255;BAAED
258;BAAEE
26;BAAEE
474;BAAFA
580;BABAA
581;BABAA
582;BABAA
583;BABAA
584;BABAA
599;BABAA
30;BABBA
390;BABBA
31;BABBB
32;BABBB
391;BABBB
392;BABBB
33;BABBC
34;BABBC
393;BABBC
394;BABBC
35;BABBD
395;BABBD
36;BABBE
396;BABBE
407;BABBF
430;BABCA
431;BABCA
432;BABCA
435;BABCA
436;BABCA
437;BABCA
490;BABCA
440;BABCA
4935;BABCA
433;BABCB
434;BABCB
4933;BABCB
4934;BABCB
44;BABCC
417;BABCC
554;BABCC
460;BABCD
544;BABCD
4709;BABCE
4700;BABCF
4708;BABCF
471;BABCF
473;BABCF
470;BABCF
472;BABCF
5580;BABCG
5303;BABDA
5304;BABDA
5393;BABDA
5394;BABDA
593;BABDA
5323;BABDB
5324;BABDB
5343;BABDB
5344;BABDB
5953;BABDB
5954;BABDB
5313;BABDC
5314;BABDC
5333;BABDC
5334;BABDC
5943;BABDC
5944;BABDC
5353;BABDE
5354;BABDE
552399999;BABDE
552499999;BABDE
5305;BABEA
540;BABEA
5395;BABEA
549;BABEA
5325;BABEB
5345;BABEB
542;BABEB
543;BABEB
547;BABEB
5955;BABEB
598;BABEB
5315;BABEC
5335;BABEC
541;BABEC
546;BABEC
5945;BABEC
597;BABEC
5590;BABED
5593;BABED
5355;BABEE
545;BABEE
548;BABEE
55199999999;BABEE
552599999;BABEE
565;BABEE
566;BABEE
480;BABFA
567;BABFA
570;BABGA
571;BABGA
572;BABGA
573;BABGA
574;BABGA
575;BABGA
576;BABGB
100;BPAAA
101;BPAAA
102;BPAAA
1030;BPAAA
1040;BPAAA
110;BPAAB
112;BPAAC
1141;BPAAC
113;BPAAC
1140;BPAAC
1142;BPAAC
1143;BPAAC
1144;BPAAC
115;BPAAC
119;BPAAC
1145;BPAAC
1146;BPAAC
108;BPAAD
109;BPAAD
120;BPAAE
121;BPAAE
118;BPAAF
6;BPAAG
7;BPAAG
129;BPAAG
557;BPAAH
111;BPAAI
133;BPABA
1340;BPABB
137;BPABC
130;BPACA
131;BPACA
132;BPACA
140;BPBAA
145;BPBAB
146;BPBAC
141;BPBAD
142;BPBAD
143;BPBAD
147;BPBAD
177;BPBBA
178;BPBBA
179;BPBBA
1605;BPBBB
170;BPBBB
1625;BPBBC
174;BPBBC
176;BPBBD
1615;BPBBE
1635;BPBBE
171;BPBBE
172;BPBBE
173;BPBBE
175;BPBBE
180;BPBBE
185;BPBBE
189;BPBBE
1603;BPBCA
1604;BPBCA
1613;BPBCA
1614;BPBCA
1623;BPBCA
1624;BPBCA
1633;BPBCA
1634;BPBCA
479;BPBDA
181;BPBEA
585;BPCAA
586;BPCAA
587;BPCAA
588;BPCAA
589;BPCAA
499;BPCBA
529;BPCBA
500;BPCCA
501;BPCCA
505;BPCCA
506;BPCCA
5105;BPCCB
520;BPCCB
527;BPCCB
5125;BPCCC
524;BPCCC
5595;BPCCD
5598;BPCCD
1034;BPCCE
1044;BPCCE
190;BPCCE
192;BPCCE
194;BPCCE
509;BPCCE
5115;BPCCE
5135;BPCCE
5145;BPCCE
521;BPCCE
522;BPCCE
523;BPCCE
525;BPCCE
526;BPCCE
528;BPCCE
551;BPCCE
5525;BPCCE
555;BPCCE
5565;BPCCE
5566;BPCCE
560;BPCCE
561;BPCCE
569;BPCCE
5103;BPCDA
5104;BPCDA
5113;BPCDA
5114;BPCDA
5123;BPCDA
5124;BPCDA
5133;BPCDA
5134;BPCDA
5143;BPCDA
5144;BPCDA
5563;BPCDA
5564;BPCDA
5523;BPCDA
5524;BPCDA
400;BPCEA
401;BPCEA
405;BPCEA
406;BPCEA
403;BPCEB
404;BPCEB
41;BPCEC
465;BPCED
466;BPCED
475;BPCEE
476;BPCEF
477;BPCEF
438;BPCEG
485;BPCFA
568;BPCFA
